t,utime,stime,nthreads,run_delay_ns
0.001,0,0,1,0
0.201,19,0,1,84598
0.401,38,1,1,84598
0.601,57,2,1,84598
0.801,75,4,1,84598
1.001,95,4,1,84598
1.201,114,4,1,95028
1.401,134,5,1,95028
1.601,153,6,1,95028
1.801,172,7,1,95028
2.001,191,8,1,95028
2.201,210,9,1,134011
2.401,229,10,1,227146
2.601,248,11,1,234971
2.801,266,12,1,234971
3.001,286,13,1,234971
3.201,305,14,1,248667
3.401,324,15,1,248667
3.601,344,15,1,248667
3.801,363,16,1,248667
4.001,383,16,1,248667
4.201,402,17,1,373120
4.401,421,17,1,465914
4.601,441,18,1,507481
4.801,461,18,1,507481
5.001,480,19,1,507481
5.201,499,20,1,521607
5.401,518,21,1,521607
5.601,538,21,1,521607
5.801,556,23,1,521607
6.001,575,24,1,521607
6.201,594,25,1,564378
6.401,613,26,1,642955
6.601,632,27,1,650158
6.801,651,27,1,650158
7.001,670,29,1,650158
7.201,689,29,1,662842
7.401,709,30,1,662842
7.601,728,30,1,662842
7.801,748,31,1,662842
8.001,767,32,1,662842
8.201,787,32,1,773179
8.401,806,33,1,845865
8.601,825,34,1,905216
8.801,845,34,1,905216
9.001,864,35,1,905216
9.201,884,35,1,923290
9.401,903,35,1,923290
9.601,923,36,1,923290
9.801,942,37,1,923290
10.001,962,37,1,923290
10.201,981,37,1,936205
10.401,1000,38,1,1014843
10.601,1019,40,1,1023369
10.801,1038,41,1,1023369
11.001,1057,42,1,1023369
11.201,1074,45,1,1040782
11.401,1092,47,1,1040782
11.601,1112,47,1,1040782
11.801,1131,48,1,1040782
12.001,1147,52,1,1040782
12.201,1159,60,1,1135420
12.401,1164,75,1,1230268
12.601,1177,82,1,1301291
12.801,1197,82,1,1301291
13.001,1217,82,1,1301291
13.201,1237,82,1,1322521
13.401,1257,82,1,1322521
13.601,1277,82,1,1322521
13.801,1296,83,1,1322521
14.001,1314,85,1,1322521
14.201,1332,87,1,1336166
14.401,2254,91,67,26076544
14.601,3064,104,1,1336166
14.801,4012,131,65,1401618
15.001,5185,171,1,1336166
15.201,5203,173,1,1372184
15.401,5221,174,1,1372184
15.601,5890,176,67,1596966
15.801,6989,181,9,1372184
16.001,7373,956,67,2330718
16.201,7910,1699,67,3011005
16.401,8664,2225,67,4022712
16.601,9859,2310,67,4309480
16.801,11127,2321,67,5704598
17.001,12404,2325,67,5880858
17.201,13678,2331,67,6196388
17.401,14702,2334,31,2612656
17.601,15008,2373,36,1737687
17.801,15397,3150,67,2393880
18.001,15609,4211,67,2499718
18.201,15919,5142,67,2653907
18.401,16220,6000,67,3039819
18.601,16579,6835,67,3982520
18.801,16962,7606,67,4721396
19.001,17324,8317,67,5046583
19.201,17688,8985,67,5576307
19.401,18053,9625,67,6076857
19.601,18412,10347,67,6729810
19.801,18874,10763,67,6899447
20.001,19456,11265,67,7253471
20.201,19962,11722,67,7944257
20.401,20531,12130,67,8459414
20.601,21128,12607,67,9074203
20.801,21633,13136,62,8815793
21.001,21987,13639,56,8214418
21.201,22368,14070,54,9087837
21.401,22759,14490,46,7016753
21.601,22953,14757,35,7074593
21.801,23131,15062,32,6597510
22.001,23352,15232,30,6175214
22.201,23596,15367,26,6083787
22.401,23829,15464,23,6280666
22.601,24033,15539,19,6453502
22.801,24220,15583,15,5454179
23.001,24405,15614,13,4747974
23.201,24583,15626,12,4703679
23.401,24717,15634,9,4323294
23.601,24828,15641,8,3900908
23.801,24908,15653,7,3458328
24.001,24988,15653,7,3517108
24.201,25067,15653,6,3355655
24.401,25112,15658,5,3775572
24.601,25187,15676,36,3412299
24.801,25646,15827,36,3794565
25.001,25868,16047,26,3873622
25.201,26040,16206,22,4942393
25.401,26285,16262,18,5646134
25.601,26486,16281,12,4610112
25.801,26648,16286,10,4587009
26.001,26757,16287,8,4052428
26.201,26819,16291,5,3257108
26.401,26871,16295,7,3233745
26.601,26914,16297,5,3256909
26.801,26934,16298,3,3244385
27.001,26954,16298,3,3244385
27.201,26974,16298,3,3244385
27.401,26994,16298,3,3489234
27.601,27014,16298,3,3489234
27.801,27197,16359,34,2807022
28.001,27544,16564,33,3551546
28.201,27763,16809,23,2888945
28.401,27917,16952,19,2115647
28.601,28135,17019,15,2436446
28.801,28271,17054,11,3049135
29.001,28395,17080,9,2857067
29.201,28502,17096,7,1640827
29.401,28587,17111,7,2295915
29.601,28654,17126,6,2049353
29.801,28703,17138,4,1991024
30.001,28735,17147,4,1991024
30.201,28766,17155,4,2003297
30.401,28798,17163,4,2171273
30.601,28829,17173,4,2362141
30.801,28861,17181,4,2377821
31.001,28892,17189,4,2377821
31.201,28924,17197,4,2377821
31.401,28941,17208,3,1876571
31.601,28954,17216,3,1876571
31.801,28965,17225,3,2024919
32.001,28978,17232,3,2024919
32.201,28991,17239,3,2090452
32.401,29003,17247,3,2090452
32.601,29014,17255,3,2162096
32.801,29028,17262,3,2177475
33.001,29040,17270,3,2177475
33.201,29052,17278,3,2177475
33.401,29063,17287,3,2177475
33.601,29075,17295,3,2317799
33.801,29087,17303,3,2503828
34.001,29099,17310,3,2503828
34.201,29113,17317,3,2514628
34.401,29125,17324,3,2514628
34.601,29139,17330,3,2514628
34.801,29151,17339,3,2531219
35.001,29164,17345,3,2531219
35.201,29178,17351,3,2736163
35.401,29190,17359,3,2743978
35.601,29203,17366,3,2944374
35.801,29216,17373,3,2958631
36.001,29229,17380,3,2958631
36.201,29242,17388,3,3039042
36.401,29255,17395,3,3109514
36.601,29268,17402,3,3180327
36.801,29280,17409,3,3198431
37.001,29293,17416,3,3346818
37.201,29293,17436,3,3456784
37.401,29293,17456,3,3456784
37.601,29294,17476,3,3456784
37.801,29314,17476,3,3812551
38.001,29334,17476,3,3812551
38.201,29354,17476,3,3819504
38.401,29374,17476,3,3819504
38.601,29394,17476,3,3894394
38.801,29413,17476,3,4197583
39.001,29433,17476,3,4197583
39.201,29453,17476,3,4197583
39.401,29473,17476,3,4197583
39.601,29493,17476,3,4246074
39.801,29513,17476,3,4532351
40.001,29533,17476,3,4579699
40.201,29553,17476,3,4728908
40.401,29573,17476,3,4728908
40.601,29593,17476,3,4765086
40.801,29613,17477,3,4953359
41.001,29633,17477,3,4953359
41.201,29653,17477,3,5034020
41.401,29673,17477,3,5034020
41.601,29693,17477,3,5034020
41.801,29713,17477,3,5347929
42.001,29732,17477,3,5347929
42.201,29752,17477,3,5356746
42.401,29772,17477,3,5356746
42.601,29792,17477,3,5356746
42.801,29812,17477,3,5676535
43.001,29832,17477,3,5676535
43.201,29852,17477,3,5676535
43.401,29872,17477,3,5676535
43.601,29892,17477,3,5782293
43.801,29912,17477,3,5984622
44.001,29932,17477,3,6050766
44.201,29952,17477,3,6232146
44.401,29972,17477,3,6232146
44.601,29992,17477,3,6274686
44.801,30012,17477,3,6478107
45.001,30032,17477,3,6532659
45.201,30052,17477,3,6532659
45.401,30072,17477,3,6532659
45.601,30092,17477,3,6570740
45.801,30112,17477,3,6903073
46.001,30132,17477,3,6903073
46.201,30152,17477,3,6911058
46.401,30172,17477,3,6969026
46.601,30192,17477,3,7002198
46.801,30212,17477,3,7213554
47.001,30232,17477,3,7213554
47.201,30252,17477,3,7213554
47.401,30272,17477,3,7282504
47.601,30292,17477,3,7282504
47.801,30312,17477,3,7583508
48.001,30332,17477,3,7583508
48.201,30352,17477,3,7626679
48.401,30372,17477,3,7626679
48.601,30392,17477,3,7685008
48.801,30412,17477,3,7868743
49.001,30432,17477,3,7919228
49.201,30452,17477,3,7919228
49.401,30472,17477,3,7986885
49.601,30492,17477,3,8049212
49.801,30512,17477,3,8309610
50.001,30532,17477,3,8309610
50.201,30552,17477,3,8316442
50.401,30572,17477,3,8316442
50.601,30592,17477,3,8316442
50.801,30612,17477,3,8506097
51.001,30631,17478,3,8506097
51.201,30710,17513,8,1696431
51.401,30783,17527,5,1381110
51.601,30823,17528,4,1381110
51.801,30846,17528,3,1381110
52.001,30863,17530,1,1570476
52.201,31601,17810,65,7258270
52.401,32404,18206,65,8249250
52.601,32971,18846,65,9086674
52.801,33599,19451,65,10142992
53.001,34014,19985,39,6049879
53.201,34175,20441,26,5204832
53.401,34329,20694,15,4508067
53.601,34442,20789,8,3462289
53.801,34505,20836,4,2019966
54.001,34528,20854,3,1917895
54.201,34549,20873,3,1929086
54.401,34569,20893,3,1947691
54.601,34582,20901,2,1609649
54.801,34592,20911,2,1609649
55.001,34602,20921,2,1609649
55.201,34613,20930,2,1609649
55.401,34624,20939,2,1628625
55.601,34635,20948,2,1628625
55.801,34647,20956,2,1628625
56.001,34659,20964,2,1628625
56.201,34670,20973,2,1748580
56.401,34682,20981,2,1748580
56.601,34693,20990,2,1817860
56.801,34704,20999,2,1833359
57.001,34716,21007,2,1833359
57.201,34727,21017,2,1833359
57.401,34738,21025,2,1833359
57.601,34751,21033,2,1976799
57.801,34763,21040,2,1994832
58.001,34776,21047,2,1994832
58.201,34788,21055,2,2005271
58.401,34800,21063,2,2005271
58.601,34812,21071,2,2072678
58.801,34825,21079,2,2089640
59.001,34838,21086,2,2222108
59.201,34850,21093,2,2322987
59.401,34865,21098,2,2365928
59.601,34880,21103,2,2452270
59.801,34892,21111,2,2561164
60.001,34906,21118,2,2561164
60.201,34917,21126,2,2707578
60.401,34929,21134,2,2707578
60.601,34941,21142,2,2889769
60.801,34954,21149,2,2965471
61.001,34967,21156,2,3127045
61.201,34979,21164,2,3194822
61.401,34992,21171,2,3194822
61.601,35005,21178,2,3211403
61.801,35018,21185,2,3387553
62.001,35031,21192,2,3456633
62.201,35044,21199,2,3537776
62.401,35059,21204,2,3537776
62.601,35074,21209,2,3676906
62.801,35087,21216,2,3798083
63.001,35102,21221,1,1623255
63.201,35116,21227,1,1623255
63.401,35118,21245,1,1623255
63.601,35119,21264,1,1623255
63.801,35119,21284,1,1623255
64.001,35120,21303,1,1623255
64.201,35121,21322,1,1853036
64.401,35121,21342,1,1853036
64.601,35121,21362,1,1853036
64.801,35121,21382,1,1853036
65.001,35121,21402,1,1853036
65.201,35998,21432,67,5470846
65.401,37271,21439,67,5969461
65.601,38547,21443,67,6172892
65.801,39821,21449,67,6583171
66.001,41099,21451,67,6629158
66.201,42188,21457,26,3090281
66.401,42825,21511,67,3493461
66.601,43835,21657,67,4220635
66.801,44866,21781,67,4881664
67.001,45999,21873,67,5262259
67.201,47072,21964,67,6504270
67.401,48108,22101,67,7787759
67.601,49101,22237,67,8681427
67.801,49981,22424,62,9212791
68.001,50530,22571,33,5577751
68.201,50816,22634,24,4627631
68.401,51100,22681,17,4308418
68.601,51268,22706,11,3808465
68.801,51393,22721,10,3214599
69.001,51529,22725,10,3280312
69.201,51633,22725,7,3129731
69.401,51713,22725,7,3241661
69.601,51771,22728,5,2245122
69.801,51881,22751,36,3013424
70.001,52404,22863,36,3637885
70.201,52909,22963,35,4362261
70.401,53449,23056,51,6717267
70.601,54050,23196,45,6358782
70.801,54445,23391,35,6761756
71.001,54755,23482,25,6576497
71.201,55029,23525,17,5682200
71.401,55255,23539,14,5792718
71.601,55431,23546,10,5507815
71.801,55545,23557,9,5600207
72.001,55611,23565,5,4757147
72.201,55819,23611,13,4636631
72.401,55933,23627,7,4843359
72.601,56004,23631,6,4828952
72.801,56058,23632,5,4828952
73.001,56098,23632,5,4828952
73.201,56119,23632,3,4760214
73.401,56139,23632,3,4941845
73.601,56346,23679,16,3912997
73.801,56500,23726,10,3927865
74.001,56606,23746,7,3999761
74.201,56685,23754,6,4193204
74.401,56747,23761,5,4010140
74.601,56763,23768,3,3868595
74.801,56776,23775,3,3868595
75.001,56796,23775,3,3868595
75.201,56816,23775,3,3868595
75.401,56836,23775,3,3868595
75.601,56856,23775,3,3882280
75.801,56875,23775,3,3882280
76.001,56895,23775,3,3882280
76.201,56915,23775,3,3882280
76.401,56935,23775,3,3882280
76.601,56951,23780,1,1942795
76.801,57865,23890,79,8716474
77.001,59209,23985,79,10797016
77.201,60569,24048,74,11715938
77.401,61854,24126,70,11278459
77.601,62974,24298,67,12439967
77.801,63944,24573,67,13376329
78.001,64971,24819,75,14021073
78.201,66029,25083,73,15397936
78.401,67050,25376,82,17687438
78.601,68074,25731,80,19251613
78.801,68977,26165,78,20473494
79.001,69874,26584,75,21766020
79.201,70621,27024,77,22168146
79.401,71484,27451,81,25895551
79.601,72356,27966,81,27000310
79.801,73159,28537,79,27874592
80.001,73965,29072,78,28092984
80.201,74721,29535,73,29480835
80.401,75516,30021,79,30655359
80.601,76112,30426,68,26580510
80.801,76546,30992,62,25806569
81.001,76818,31408,52,21979356
81.201,76990,31920,47,21869269
81.401,77137,32473,45,22445432
81.601,77287,32982,46,22006005
81.801,77477,33490,45,26447825
82.001,77626,33939,41,26347567
82.201,77732,34400,35,26638128
82.401,77801,34757,32,25278602
82.601,77891,34991,31,23466426
82.801,78042,35314,30,25225584
83.001,78226,35598,31,25382188
83.201,78447,35859,29,27237063
83.401,78633,36051,24,26561264
83.601,78800,36253,23,21941220
83.801,78913,36517,21,22030968
84.001,79022,36778,21,23949638
84.201,79104,36989,18,23383983
84.401,79120,37089,14,22079839
84.601,79127,37284,13,20812539
84.801,79148,37455,13,25298839
85.001,79161,37527,10,23839612
85.201,79174,37621,9,22695484
85.401,79185,37736,8,22218964
85.601,79198,37787,6,14236425
85.801,79212,37872,6,16737825
86.001,79225,37918,5,11377203
86.201,79255,37963,5,12448772
86.401,79256,37989,3,5976246
86.601,79280,38005,3,6005110
86.801,79284,38021,2,3841924
87.001,79296,38029,1,1957632
87.201,79313,38031,1,1972821
87.401,79330,38034,1,1972821
87.601,79347,38037,1,2049475
87.801,79363,38041,1,2049475
88.001,79380,38043,1,2049475
88.201,79398,38045,1,2106853
88.401,79416,38047,1,2216059
88.601,79434,38049,1,2622300
88.801,79452,38051,1,3205181
89.001,79470,38053,1,3205181
89.201,79486,38055,1,3333161
89.401,79503,38059,1,3333161
89.601,79521,38061,1,3333161
89.801,79524,38078,1,3333161
