VAR_TYPE	MIN_QUAL	PREC	RECALL	F1_SCORE	F1_QSCORE	TRUTH_TOTAL	TRUTH_TP	TRUTH_FN	QUERY_TOTAL	QUERY_TP	QUERY_FP
SNP	0	0.983432	0.926061	0.953885	13.361541	9873	9143	730	9295	9141	154
SNP	1	1.000000	0.000000	0.000000	0.000000	9873	0	9873	0	0	0
SNP	2	1.000000	0.000000	0.000000	0.000000	9873	0	9873	0	0	0
SNP	3	1.000000	0.000000	0.000000	0.000000	9873	0	9873	0	0	0
SNP	4	1.000000	0.000000	0.000000	0.000000	9873	0	9873	0	0	0
SNP	5	1.000000	0.000000	0.000000	0.000000	9873	0	9873	0	0	0
SNP	6	1.000000	0.000000	0.000000	0.000000	9873	0	9873	0	0	0
SNP	7	1.000000	0.000000	0.000000	0.000000	9873	0	9873	0	0	0
SNP	8	1.000000	0.000000	0.000000	0.000000	9873	0	9873	0	0	0
SNP	9	1.000000	0.000000	0.000000	0.000000	9873	0	9873	0	0	0
SNP	10	1.000000	0.000000	0.000000	0.000000	9873	0	9873	0	0	0
SNP	11	1.000000	0.000000	0.000000	0.000000	9873	0	9873	0	0	0
SNP	12	1.000000	0.000000	0.000000	0.000000	9873	0	9873	0	0	0
SNP	13	1.000000	0.000000	0.000000	0.000000	9873	0	9873	0	0	0
SNP	14	1.000000	0.000000	0.000000	0.000000	9873	0	9873	0	0	0
SNP	15	1.000000	0.000000	0.000000	0.000000	9873	0	9873	0	0	0
SNP	16	1.000000	0.000000	0.000000	0.000000	9873	0	9873	0	0	0
SNP	17	1.000000	0.000000	0.000000	0.000000	9873	0	9873	0	0	0
SNP	18	1.000000	0.000000	0.000000	0.000000	9873	0	9873	0	0	0
SNP	19	1.000000	0.000000	0.000000	0.000000	9873	0	9873	0	0	0
SNP	20	1.000000	0.000000	0.000000	0.000000	9873	0	9873	0	0	0
SNP	21	1.000000	0.000000	0.000000	0.000000	9873	0	9873	0	0	0
SNP	22	1.000000	0.000000	0.000000	0.000000	9873	0	9873	0	0	0
SNP	23	1.000000	0.000000	0.000000	0.000000	9873	0	9873	0	0	0
SNP	24	1.000000	0.000000	0.000000	0.000000	9873	0	9873	0	0	0
SNP	25	1.000000	0.000000	0.000000	0.000000	9873	0	9873	0	0	0
SNP	26	1.000000	0.000000	0.000000	0.000000	9873	0	9873	0	0	0
SNP	27	1.000000	0.000000	0.000000	0.000000	9873	0	9873	0	0	0
SNP	28	1.000000	0.000000	0.000000	0.000000	9873	0	9873	0	0	0
SNP	29	1.000000	0.000000	0.000000	0.000000	9873	0	9873	0	0	0
SNP	30	1.000000	0.000000	0.000000	0.000000	9873	0	9873	0	0	0
SNP	31	1.000000	0.000000	0.000000	0.000000	9873	0	9873	0	0	0
SNP	32	1.000000	0.000000	0.000000	0.000000	9873	0	9873	0	0	0
SNP	33	1.000000	0.000000	0.000000	0.000000	9873	0	9873	0	0	0
SNP	34	1.000000	0.000000	0.000000	0.000000	9873	0	9873	0	0	0
SNP	35	1.000000	0.000000	0.000000	0.000000	9873	0	9873	0	0	0
SNP	36	1.000000	0.000000	0.000000	0.000000	9873	0	9873	0	0	0
SNP	37	1.000000	0.000000	0.000000	0.000000	9873	0	9873	0	0	0
SNP	38	1.000000	0.000000	0.000000	0.000000	9873	0	9873	0	0	0
SNP	39	1.000000	0.000000	0.000000	0.000000	9873	0	9873	0	0	0
SNP	40	1.000000	0.000000	0.000000	0.000000	9873	0	9873	0	0	0
SNP	41	1.000000	0.000000	0.000000	0.000000	9873	0	9873	0	0	0
SNP	42	1.000000	0.000000	0.000000	0.000000	9873	0	9873	0	0	0
SNP	43	1.000000	0.000000	0.000000	0.000000	9873	0	9873	0	0	0
SNP	44	1.000000	0.000000	0.000000	0.000000	9873	0	9873	0	0	0
SNP	45	1.000000	0.000000	0.000000	0.000000	9873	0	9873	0	0	0
SNP	46	1.000000	0.000000	0.000000	0.000000	9873	0	9873	0	0	0
SNP	47	1.000000	0.000000	0.000000	0.000000	9873	0	9873	0	0	0
SNP	48	1.000000	0.000000	0.000000	0.000000	9873	0	9873	0	0	0
SNP	49	1.000000	0.000000	0.000000	0.000000	9873	0	9873	0	0	0
SNP	50	1.000000	0.000000	0.000000	0.000000	9873	0	9873	0	0	0
SNP	51	1.000000	0.000000	0.000000	0.000000	9873	0	9873	0	0	0
SNP	52	1.000000	0.000000	0.000000	0.000000	9873	0	9873	0	0	0
SNP	53	1.000000	0.000000	0.000000	0.000000	9873	0	9873	0	0	0
SNP	54	1.000000	0.000000	0.000000	0.000000	9873	0	9873	0	0	0
SNP	55	1.000000	0.000000	0.000000	0.000000	9873	0	9873	0	0	0
SNP	56	1.000000	0.000000	0.000000	0.000000	9873	0	9873	0	0	0
SNP	57	1.000000	0.000000	0.000000	0.000000	9873	0	9873	0	0	0
SNP	58	1.000000	0.000000	0.000000	0.000000	9873	0	9873	0	0	0
SNP	59	1.000000	0.000000	0.000000	0.000000	9873	0	9873	0	0	0
SNP	60	1.000000	0.000000	0.000000	0.000000	9873	0	9873	0	0	0
INDEL	0	0.944416	0.680883	0.791284	6.804444	2673	1820	853	1925	1818	107
INDEL	1	1.000000	0.000000	0.000000	0.000000	2673	0	2673	0	0	0
INDEL	2	1.000000	0.000000	0.000000	0.000000	2673	0	2673	0	0	0
INDEL	3	1.000000	0.000000	0.000000	0.000000	2673	0	2673	0	0	0
INDEL	4	1.000000	0.000000	0.000000	0.000000	2673	0	2673	0	0	0
INDEL	5	1.000000	0.000000	0.000000	0.000000	2673	0	2673	0	0	0
INDEL	6	1.000000	0.000000	0.000000	0.000000	2673	0	2673	0	0	0
INDEL	7	1.000000	0.000000	0.000000	0.000000	2673	0	2673	0	0	0
INDEL	8	1.000000	0.000000	0.000000	0.000000	2673	0	2673	0	0	0
INDEL	9	1.000000	0.000000	0.000000	0.000000	2673	0	2673	0	0	0
INDEL	10	1.000000	0.000000	0.000000	0.000000	2673	0	2673	0	0	0
INDEL	11	1.000000	0.000000	0.000000	0.000000	2673	0	2673	0	0	0
INDEL	12	1.000000	0.000000	0.000000	0.000000	2673	0	2673	0	0	0
INDEL	13	1.000000	0.000000	0.000000	0.000000	2673	0	2673	0	0	0
INDEL	14	1.000000	0.000000	0.000000	0.000000	2673	0	2673	0	0	0
INDEL	15	1.000000	0.000000	0.000000	0.000000	2673	0	2673	0	0	0
INDEL	16	1.000000	0.000000	0.000000	0.000000	2673	0	2673	0	0	0
INDEL	17	1.000000	0.000000	0.000000	0.000000	2673	0	2673	0	0	0
INDEL	18	1.000000	0.000000	0.000000	0.000000	2673	0	2673	0	0	0
INDEL	19	1.000000	0.000000	0.000000	0.000000	2673	0	2673	0	0	0
INDEL	20	1.000000	0.000000	0.000000	0.000000	2673	0	2673	0	0	0
INDEL	21	1.000000	0.000000	0.000000	0.000000	2673	0	2673	0	0	0
INDEL	22	1.000000	0.000000	0.000000	0.000000	2673	0	2673	0	0	0
INDEL	23	1.000000	0.000000	0.000000	0.000000	2673	0	2673	0	0	0
INDEL	24	1.000000	0.000000	0.000000	0.000000	2673	0	2673	0	0	0
INDEL	25	1.000000	0.000000	0.000000	0.000000	2673	0	2673	0	0	0
INDEL	26	1.000000	0.000000	0.000000	0.000000	2673	0	2673	0	0	0
INDEL	27	1.000000	0.000000	0.000000	0.000000	2673	0	2673	0	0	0
INDEL	28	1.000000	0.000000	0.000000	0.000000	2673	0	2673	0	0	0
INDEL	29	1.000000	0.000000	0.000000	0.000000	2673	0	2673	0	0	0
INDEL	30	1.000000	0.000000	0.000000	0.000000	2673	0	2673	0	0	0
INDEL	31	1.000000	0.000000	0.000000	0.000000	2673	0	2673	0	0	0
INDEL	32	1.000000	0.000000	0.000000	0.000000	2673	0	2673	0	0	0
INDEL	33	1.000000	0.000000	0.000000	0.000000	2673	0	2673	0	0	0
INDEL	34	1.000000	0.000000	0.000000	0.000000	2673	0	2673	0	0	0
INDEL	35	1.000000	0.000000	0.000000	0.000000	2673	0	2673	0	0	0
INDEL	36	1.000000	0.000000	0.000000	0.000000	2673	0	2673	0	0	0
INDEL	37	1.000000	0.000000	0.000000	0.000000	2673	0	2673	0	0	0
INDEL	38	1.000000	0.000000	0.000000	0.000000	2673	0	2673	0	0	0
INDEL	39	1.000000	0.000000	0.000000	0.000000	2673	0	2673	0	0	0
INDEL	40	1.000000	0.000000	0.000000	0.000000	2673	0	2673	0	0	0
INDEL	41	1.000000	0.000000	0.000000	0.000000	2673	0	2673	0	0	0
INDEL	42	1.000000	0.000000	0.000000	0.000000	2673	0	2673	0	0	0
INDEL	43	1.000000	0.000000	0.000000	0.000000	2673	0	2673	0	0	0
INDEL	44	1.000000	0.000000	0.000000	0.000000	2673	0	2673	0	0	0
INDEL	45	1.000000	0.000000	0.000000	0.000000	2673	0	2673	0	0	0
INDEL	46	1.000000	0.000000	0.000000	0.000000	2673	0	2673	0	0	0
INDEL	47	1.000000	0.000000	0.000000	0.000000	2673	0	2673	0	0	0
INDEL	48	1.000000	0.000000	0.000000	0.000000	2673	0	2673	0	0	0
INDEL	49	1.000000	0.000000	0.000000	0.000000	2673	0	2673	0	0	0
INDEL	50	1.000000	0.000000	0.000000	0.000000	2673	0	2673	0	0	0
INDEL	51	1.000000	0.000000	0.000000	0.000000	2673	0	2673	0	0	0
INDEL	52	1.000000	0.000000	0.000000	0.000000	2673	0	2673	0	0	0
INDEL	53	1.000000	0.000000	0.000000	0.000000	2673	0	2673	0	0	0
INDEL	54	1.000000	0.000000	0.000000	0.000000	2673	0	2673	0	0	0
INDEL	55	1.000000	0.000000	0.000000	0.000000	2673	0	2673	0	0	0
INDEL	56	1.000000	0.000000	0.000000	0.000000	2673	0	2673	0	0	0
INDEL	57	1.000000	0.000000	0.000000	0.000000	2673	0	2673	0	0	0
INDEL	58	1.000000	0.000000	0.000000	0.000000	2673	0	2673	0	0	0
INDEL	59	1.000000	0.000000	0.000000	0.000000	2673	0	2673	0	0	0
INDEL	60	1.000000	0.000000	0.000000	0.000000	2673	0	2673	0	0	0
SV	0	1.000000	0.018182	0.035714	0.157943	55	1	54	1	1	0
SV	1	1.000000	0.000000	0.000000	0.000000	55	0	55	0	0	0
SV	2	1.000000	0.000000	0.000000	0.000000	55	0	55	0	0	0
SV	3	1.000000	0.000000	0.000000	0.000000	55	0	55	0	0	0
SV	4	1.000000	0.000000	0.000000	0.000000	55	0	55	0	0	0
SV	5	1.000000	0.000000	0.000000	0.000000	55	0	55	0	0	0
SV	6	1.000000	0.000000	0.000000	0.000000	55	0	55	0	0	0
SV	7	1.000000	0.000000	0.000000	0.000000	55	0	55	0	0	0
SV	8	1.000000	0.000000	0.000000	0.000000	55	0	55	0	0	0
SV	9	1.000000	0.000000	0.000000	0.000000	55	0	55	0	0	0
SV	10	1.000000	0.000000	0.000000	0.000000	55	0	55	0	0	0
SV	11	1.000000	0.000000	0.000000	0.000000	55	0	55	0	0	0
SV	12	1.000000	0.000000	0.000000	0.000000	55	0	55	0	0	0
SV	13	1.000000	0.000000	0.000000	0.000000	55	0	55	0	0	0
SV	14	1.000000	0.000000	0.000000	0.000000	55	0	55	0	0	0
SV	15	1.000000	0.000000	0.000000	0.000000	55	0	55	0	0	0
SV	16	1.000000	0.000000	0.000000	0.000000	55	0	55	0	0	0
SV	17	1.000000	0.000000	0.000000	0.000000	55	0	55	0	0	0
SV	18	1.000000	0.000000	0.000000	0.000000	55	0	55	0	0	0
SV	19	1.000000	0.000000	0.000000	0.000000	55	0	55	0	0	0
SV	20	1.000000	0.000000	0.000000	0.000000	55	0	55	0	0	0
SV	21	1.000000	0.000000	0.000000	0.000000	55	0	55	0	0	0
SV	22	1.000000	0.000000	0.000000	0.000000	55	0	55	0	0	0
SV	23	1.000000	0.000000	0.000000	0.000000	55	0	55	0	0	0
SV	24	1.000000	0.000000	0.000000	0.000000	55	0	55	0	0	0
SV	25	1.000000	0.000000	0.000000	0.000000	55	0	55	0	0	0
SV	26	1.000000	0.000000	0.000000	0.000000	55	0	55	0	0	0
SV	27	1.000000	0.000000	0.000000	0.000000	55	0	55	0	0	0
SV	28	1.000000	0.000000	0.000000	0.000000	55	0	55	0	0	0
SV	29	1.000000	0.000000	0.000000	0.000000	55	0	55	0	0	0
SV	30	1.000000	0.000000	0.000000	0.000000	55	0	55	0	0	0
SV	31	1.000000	0.000000	0.000000	0.000000	55	0	55	0	0	0
SV	32	1.000000	0.000000	0.000000	0.000000	55	0	55	0	0	0
SV	33	1.000000	0.000000	0.000000	0.000000	55	0	55	0	0	0
SV	34	1.000000	0.000000	0.000000	0.000000	55	0	55	0	0	0
SV	35	1.000000	0.000000	0.000000	0.000000	55	0	55	0	0	0
SV	36	1.000000	0.000000	0.000000	0.000000	55	0	55	0	0	0
SV	37	1.000000	0.000000	0.000000	0.000000	55	0	55	0	0	0
SV	38	1.000000	0.000000	0.000000	0.000000	55	0	55	0	0	0
SV	39	1.000000	0.000000	0.000000	0.000000	55	0	55	0	0	0
SV	40	1.000000	0.000000	0.000000	0.000000	55	0	55	0	0	0
SV	41	1.000000	0.000000	0.000000	0.000000	55	0	55	0	0	0
SV	42	1.000000	0.000000	0.000000	0.000000	55	0	55	0	0	0
SV	43	1.000000	0.000000	0.000000	0.000000	55	0	55	0	0	0
SV	44	1.000000	0.000000	0.000000	0.000000	55	0	55	0	0	0
SV	45	1.000000	0.000000	0.000000	0.000000	55	0	55	0	0	0
SV	46	1.000000	0.000000	0.000000	0.000000	55	0	55	0	0	0
SV	47	1.000000	0.000000	0.000000	0.000000	55	0	55	0	0	0
SV	48	1.000000	0.000000	0.000000	0.000000	55	0	55	0	0	0
SV	49	1.000000	0.000000	0.000000	0.000000	55	0	55	0	0	0
SV	50	1.000000	0.000000	0.000000	0.000000	55	0	55	0	0	0
SV	51	1.000000	0.000000	0.000000	0.000000	55	0	55	0	0	0
SV	52	1.000000	0.000000	0.000000	0.000000	55	0	55	0	0	0
SV	53	1.000000	0.000000	0.000000	0.000000	55	0	55	0	0	0
SV	54	1.000000	0.000000	0.000000	0.000000	55	0	55	0	0	0
SV	55	1.000000	0.000000	0.000000	0.000000	55	0	55	0	0	0
SV	56	1.000000	0.000000	0.000000	0.000000	55	0	55	0	0	0
SV	57	1.000000	0.000000	0.000000	0.000000	55	0	55	0	0	0
SV	58	1.000000	0.000000	0.000000	0.000000	55	0	55	0	0	0
SV	59	1.000000	0.000000	0.000000	0.000000	55	0	55	0	0	0
SV	60	1.000000	0.000000	0.000000	0.000000	55	0	55	0	0	0
ALL	0	0.976740	0.870090	0.920335	10.987350	12601	10964	1637	11221	10960	261
ALL	1	1.000000	0.000000	0.000000	0.000000	12601	0	12601	0	0	0
ALL	2	1.000000	0.000000	0.000000	0.000000	12601	0	12601	0	0	0
ALL	3	1.000000	0.000000	0.000000	0.000000	12601	0	12601	0	0	0
ALL	4	1.000000	0.000000	0.000000	0.000000	12601	0	12601	0	0	0
ALL	5	1.000000	0.000000	0.000000	0.000000	12601	0	12601	0	0	0
ALL	6	1.000000	0.000000	0.000000	0.000000	12601	0	12601	0	0	0
ALL	7	1.000000	0.000000	0.000000	0.000000	12601	0	12601	0	0	0
ALL	8	1.000000	0.000000	0.000000	0.000000	12601	0	12601	0	0	0
ALL	9	1.000000	0.000000	0.000000	0.000000	12601	0	12601	0	0	0
ALL	10	1.000000	0.000000	0.000000	0.000000	12601	0	12601	0	0	0
ALL	11	1.000000	0.000000	0.000000	0.000000	12601	0	12601	0	0	0
ALL	12	1.000000	0.000000	0.000000	0.000000	12601	0	12601	0	0	0
ALL	13	1.000000	0.000000	0.000000	0.000000	12601	0	12601	0	0	0
ALL	14	1.000000	0.000000	0.000000	0.000000	12601	0	12601	0	0	0
ALL	15	1.000000	0.000000	0.000000	0.000000	12601	0	12601	0	0	0
ALL	16	1.000000	0.000000	0.000000	0.000000	12601	0	12601	0	0	0
ALL	17	1.000000	0.000000	0.000000	0.000000	12601	0	12601	0	0	0
ALL	18	1.000000	0.000000	0.000000	0.000000	12601	0	12601	0	0	0
ALL	19	1.000000	0.000000	0.000000	0.000000	12601	0	12601	0	0	0
ALL	20	1.000000	0.000000	0.000000	0.000000	12601	0	12601	0	0	0
ALL	21	1.000000	0.000000	0.000000	0.000000	12601	0	12601	0	0	0
ALL	22	1.000000	0.000000	0.000000	0.000000	12601	0	12601	0	0	0
ALL	23	1.000000	0.000000	0.000000	0.000000	12601	0	12601	0	0	0
ALL	24	1.000000	0.000000	0.000000	0.000000	12601	0	12601	0	0	0
ALL	25	1.000000	0.000000	0.000000	0.000000	12601	0	12601	0	0	0
ALL	26	1.000000	0.000000	0.000000	0.000000	12601	0	12601	0	0	0
ALL	27	1.000000	0.000000	0.000000	0.000000	12601	0	12601	0	0	0
ALL	28	1.000000	0.000000	0.000000	0.000000	12601	0	12601	0	0	0
ALL	29	1.000000	0.000000	0.000000	0.000000	12601	0	12601	0	0	0
ALL	30	1.000000	0.000000	0.000000	0.000000	12601	0	12601	0	0	0
ALL	31	1.000000	0.000000	0.000000	0.000000	12601	0	12601	0	0	0
ALL	32	1.000000	0.000000	0.000000	0.000000	12601	0	12601	0	0	0
ALL	33	1.000000	0.000000	0.000000	0.000000	12601	0	12601	0	0	0
ALL	34	1.000000	0.000000	0.000000	0.000000	12601	0	12601	0	0	0
ALL	35	1.000000	0.000000	0.000000	0.000000	12601	0	12601	0	0	0
ALL	36	1.000000	0.000000	0.000000	0.000000	12601	0	12601	0	0	0
ALL	37	1.000000	0.000000	0.000000	0.000000	12601	0	12601	0	0	0
ALL	38	1.000000	0.000000	0.000000	0.000000	12601	0	12601	0	0	0
ALL	39	1.000000	0.000000	0.000000	0.000000	12601	0	12601	0	0	0
ALL	40	1.000000	0.000000	0.000000	0.000000	12601	0	12601	0	0	0
ALL	41	1.000000	0.000000	0.000000	0.000000	12601	0	12601	0	0	0
ALL	42	1.000000	0.000000	0.000000	0.000000	12601	0	12601	0	0	0
ALL	43	1.000000	0.000000	0.000000	0.000000	12601	0	12601	0	0	0
ALL	44	1.000000	0.000000	0.000000	0.000000	12601	0	12601	0	0	0
ALL	45	1.000000	0.000000	0.000000	0.000000	12601	0	12601	0	0	0
ALL	46	1.000000	0.000000	0.000000	0.000000	12601	0	12601	0	0	0
ALL	47	1.000000	0.000000	0.000000	0.000000	12601	0	12601	0	0	0
ALL	48	1.000000	0.000000	0.000000	0.000000	12601	0	12601	0	0	0
ALL	49	1.000000	0.000000	0.000000	0.000000	12601	0	12601	0	0	0
ALL	50	1.000000	0.000000	0.000000	0.000000	12601	0	12601	0	0	0
ALL	51	1.000000	0.000000	0.000000	0.000000	12601	0	12601	0	0	0
ALL	52	1.000000	0.000000	0.000000	0.000000	12601	0	12601	0	0	0
ALL	53	1.000000	0.000000	0.000000	0.000000	12601	0	12601	0	0	0
ALL	54	1.000000	0.000000	0.000000	0.000000	12601	0	12601	0	0	0
ALL	55	1.000000	0.000000	0.000000	0.000000	12601	0	12601	0	0	0
ALL	56	1.000000	0.000000	0.000000	0.000000	12601	0	12601	0	0	0
ALL	57	1.000000	0.000000	0.000000	0.000000	12601	0	12601	0	0	0
ALL	58	1.000000	0.000000	0.000000	0.000000	12601	0	12601	0	0	0
ALL	59	1.000000	0.000000	0.000000	0.000000	12601	0	12601	0	0	0
ALL	60	1.000000	0.000000	0.000000	0.000000	12601	0	12601	0	0	0
